Cusip,State,Description,Coupon,Maturity Date,Moody's Rating,S&P Rating,Price Bid,Price Ask,Yield Bid,Ask Yield to Worst,Ask Yield to Maturity,Quantity Bid(min),Quantity Ask(min),Attributes
="912797PR2","N/A","UNITED STATES TREAS BILLS ZERO CPN       0.00000% 06/10/2025","0.000","06/10/2025","--","--","99.952","99.954","4.304","4.240","4.240","100,000(400)","25,000(1,000)",CP D 
="912797LN5","N/A","UNITED STATES TREAS BILLS ZERO CPN       0.00000% 06/12/2025","0.000","06/12/2025","--","--","99.930","99.932","4.259","4.154","4.154","100,000(400)","100,000(400)",CP D 
="91282CEU1","N/A","UNITED STATES TREAS SER AP-2025         2.87500% 06/15/2025 NTS NOTE","2.875","06/15/2025","AA1","--","99.937","99.977","5.333","3.772","3.772","51,000(525)","38,000(525)",CP D 
="912797PS0","N/A","UNITED STATES TREAS BILLS ZERO CPN       0.00000% 06/17/2025","0.000","06/17/2025","--","--","99.871","99.874","4.254","4.192","4.192","100,000(400)","25,000(1,000)",CP D 
="912797NV5","N/A","UNITED STATES TREAS BILLS ZERO CPN       0.00000% 06/20/2025","0.000","06/20/2025","--","--","99.836","99.841","4.260","4.158","4.158","100,000(400)","100,000(400)",CP D 
="912797PT8","N/A","UNITED STATES TREAS BILLS ZERO CPN       0.00000% 06/24/2025","0.000","06/24/2025","--","--","99.789","99.794","4.272","4.206","4.206","100,000(400)","25,000(1,000)",CP D 
="912797NW3","N/A","UNITED STATES TREAS BILLS ZERO CPN       0.00000% 06/26/2025","0.000","06/26/2025","--","--","99.767","99.772","4.253","4.176","4.176","100,000(400)","25,000(1,000)",CP D 
="91282CHL8","N/A","UNITED STATES TREAS SER BD-2025         4.62500% 06/30/2025 NTS NOTE","4.625","06/30/2025","AA1","--","99.992","100.047","4.650","3.839","3.839","30,000(600)","30,000(600)",CP D 
="912828XZ8","N/A","UNITED STATES TREAS SER M-2025          2.75000% 06/30/2025 NTS NOTE","2.750","06/30/2025","AA1","--","99.867","99.930","4.703","3.768","3.768","30,000(600)","30,000(600)",CP D 
="912828ZW3","N/A","UNITED STATES TREAS SER AA-2025         0.25000% 06/30/2025 NTS NOTE","0.250","06/30/2025","AA1","NR","99.705","99.772","4.708","3.708","3.708","5,000(50)","5,000(50)",CP D 
="912797PU5","N/A","UNITED STATES TREAS BILLS ZERO CPN       0.00000% 07/01/2025","0.000","07/01/2025","--","--","99.709","99.712","4.261","4.231","4.231","100,000(400)","15,000(1,000)",CP D 
="912797NX1","N/A","UNITED STATES TREAS BILLS ZERO CPN       0.00000% 07/03/2025","0.000","07/03/2025","--","--","99.685","99.688","4.266","4.244","4.244","15,000(1,000)","15,000(1,000)",CP D 
="912797PZ4","N/A","UNITED STATES TREAS BILLS ZERO CPN       0.00000% 07/08/2025","0.000","07/08/2025","--","--","99.628","99.633","4.259","4.213","4.213","100,000(400)","20,000(200)",CP D 
="912797LW5","N/A","UNITED STATES TREAS BILLS ZERO CPN       0.00000% 07/10/2025","0.000","07/10/2025","--","--","99.603","99.608","4.273","4.235","4.235","100,000(400)","20,000(200)",CP D 
="912797QA8","N/A","UNITED STATES TREAS BILLS ZERO CPN       0.00000% 07/15/2025","0.000","07/15/2025","--","--","99.545","99.550","4.278","4.240","4.240","100,000(400)","20,000(200)",CP D 
="91282CEY3","N/A","UNITED STATES TREAS SER AQ-2025         3.00000% 07/15/2025 NTS NOTE","3.000","07/15/2025","AA1","--","99.832","99.895","4.514","3.936","3.936","30,000(600)","30,000(600)",CP D 
="912797PE1","N/A","UNITED STATES TREAS BILLS ZERO CPN       0.00000% 07/17/2025","0.000","07/17/2025","--","--","99.520","99.525","4.287","4.254","4.254","100,000(400)","15,000(1,000)",CP D 
="912797QB6","N/A","UNITED STATES TREAS BILLS ZERO CPN       0.00000% 07/22/2025","0.000","07/22/2025","--","--","99.461","99.464","4.297","4.282","4.282","100,000(400)","15,000(1,000)",CP D 
="912797PF8","N/A","UNITED STATES TREAS BILLS ZERO CPN       0.00000% 07/24/2025","0.000","07/24/2025","--","--","99.436","99.442","4.311","4.274","4.274","100,000(400)","20,000(200)",CP D 
="912797QC4","N/A","UNITED STATES TREAS BILLS ZERO CPN       0.00000% 07/29/2025","0.000","07/29/2025","--","--","99.379","99.382","4.300","4.283","4.283","100,000(400)","15,000(1,000)",CP D 
="912797PG6","N/A","UNITED STATES TREAS BILLS ZERO CPN       0.00000% 07/31/2025","0.000","07/31/2025","--","--","99.356","99.360","4.301","4.276","4.276","100,000(400)","15,000(1,000)",CP D 
="91282CAB7","N/A","UNITED STATES TREAS SER AB-2025         0.25000% 07/31/2025 NTS","0.250","07/31/2025","AA1","--","99.371","99.438","4.414","3.974","3.974","5,000(50)","5,000(50)",CP D 
="91282CHN4","N/A","UNITED STATES TREAS SER BE-2025         4.75000% 07/31/2025 NTS NOTE","4.750","07/31/2025","AA1","--","100.046","100.106","4.367","3.985","3.985","30,000(600)","30,000(600)",CP D 
="912828Y79","N/A","UNITED STATES TREAS SER N-2025          2.87500% 07/31/2025 NTS NOTE","2.875","07/31/2025","AA1","--","99.750","99.815","4.487","4.066","4.066","30,000(600)","5,000(50)",CP D 
="912797QH3","N/A","UNITED STATES TREAS BILLS ZERO CPN       0.00000% 08/05/2025","0.000","08/05/2025","--","--","99.295","99.301","4.314","4.288","4.288","100,000(400)","5,000(200)",CP D 
="912797MG9","N/A","UNITED STATES TREAS BILLS ZERO CPN       0.00000% 08/07/2025","0.000","08/07/2025","--","--","99.270","99.278","4.325","4.284","4.284","100,000(400)","15,000(1,000)",CP D 
="912797QJ9","N/A","UNITED STATES TREAS BILLS ZERO CPN       0.00000% 08/12/2025","0.000","08/12/2025","--","--","99.211","99.216","4.331","4.308","4.308","100,000(400)","15,000(1,000)",CP D 
="912797PN1","N/A","UNITED STATES TREAS BILLS ZERO CPN       0.00000% 08/14/2025","0.000","08/14/2025","--","--","99.187","99.192","4.334","4.310","4.310","100,000(400)","15,000(1,000)",CP D 
="912820W78","N/A","U S TREAS NT        STRIPPED PRIN PMT   0.00000% 08/15/2025","0.000","08/15/2025","--","--","99.078","99.345","4.812","3.414","3.414","6,000(250)","8,000(250)",CP 
="912833LW8","N/A","U S TREAS SEC       STRIPPED INT PMT     0.00000% 08/15/2025ZERO CPN","0.000","08/15/2025","--","--","99.215","99.282","4.092","3.745","3.745","9,000(100)","12,000(100)",CP 
="91282CFE6","N/A","UNITED STATES       TREASURY NOTE       3.12500% 08/15/2025","3.125","08/15/2025","--","--","99.750","99.801","4.387","4.123","4.123","30,000(600)","30,000(600)",CP D 
="912803BF9","N/A","UNITED STATES TREAS BD STRIPP ZERO CPN   0.00000% 08/15/2025","0.000","08/15/2025","--","--","99.168","99.454","4.339","2.844","2.844","11,000(100)","14,000(100)",CP 
="912810EV6","N/A","UNITED STATES TREAS BDS                 6.87500% 08/15/2025","6.875","08/15/2025","AA1","--","100.652","100.914","3.409","2.090","2.090","5,000(50)","5,000(50)",CP D 
="912828K74","N/A","UNITED STATES TREAS NTS NOTE            2.00000% 08/15/2025","2.000","08/15/2025","AA1","--","99.529","99.596","4.429","4.085","4.085","5,000(50)","5,000(50)",CP D 
="912797QK6","N/A","UNITED STATES TREAS BILLS ZERO CPN       0.00000% 08/19/2025","0.000","08/19/2025","--","--","99.126","99.134","4.345","4.310","4.310","100,000(400)","15,000(1,000)",CP D 
="912797PP6","N/A","UNITED STATES TREAS BILLS ZERO CPN       0.00000% 08/21/2025","0.000","08/21/2025","--","--","99.104","99.112","4.341","4.307","4.307","100,000(400)","20,000(200)",CP D 
="912797QL4","N/A","UNITED STATES TREAS BILLS ZERO CPN       0.00000% 08/26/2025","0.000","08/26/2025","--","--","99.046","99.052","4.340","4.317","4.317","5,000(200)","5,000(200)",CP D 
="912797PQ4","N/A","UNITED STATES TREAS BILLS ZERO CPN       0.00000% 08/28/2025","0.000","08/28/2025","--","--","99.024","99.031","4.334","4.307","4.307","100,000(400)","20,000(200)",CP D 
="91282CAJ0","N/A","UNITED STATES TREAS SER AC-2025         0.25000% 08/31/2025 NTS NOTE","0.250","08/31/2025","AA1","--","99.054","99.087","4.333","4.196","4.196","30,000(600)","30,000(600)",CP D 
="91282CHV6","N/A","UNITED STATES TREAS SER BG-2025         5.00000% 08/31/2025 NTS NOTE","5.000","08/31/2025","AA1","--","100.128","100.165","4.384","4.234","4.234","30,000(600)","30,000(600)",CP D 
="9128284Z0","N/A","UNITED STATES TREAS SER P-2025          2.75000% 08/31/2025 NTS NOTE","2.750","08/31/2025","AA1","--","99.644","99.684","4.255","4.089","4.089","30,000(600)","5,000(50)",CP D 
="912797QM2","N/A","UNITED STATES TREAS BILLS ZERO CPN       0.00000% 09/02/2025","0.000","09/02/2025","--","--","98.965","98.971","4.338","4.316","4.316","5,000(200)","5,000(200)",CP D 
="912797MH7","N/A","UNITED STATES TREAS BILLS ZERO CPN       0.00000% 09/04/2025","0.000","09/04/2025","--","--","98.939","98.943","4.346","4.333","4.333","15,000(1,000)","15,000(1,000)",CP D 
="912797QT7","N/A","UNITED STATES TREAS BILLS ZERO CPN       0.00000% 09/09/2025","0.000","09/09/2025","--","--","98.882","98.888","4.342","4.324","4.324","100,000(400)","5,000(200)",CP D 
="912797PW1","N/A","UNITED STATES TREAS BILLS ZERO CPN       0.00000% 09/11/2025","0.000","09/11/2025","--","--","98.863","98.871","4.326","4.300","4.300","100,000(400)","20,000(200)",CP D 
="91282CFK2","N/A","UNITED STATES TREAS SER AS-2025         3.50000% 09/15/2025 NTS NOTE","3.500","09/15/2025","AA1","--","99.750","99.809","4.387","4.172","4.172","30,000(600)","30,000(600)",CP D 
="912797QU4","N/A","UNITED STATES TREAS BILLS ZERO CPN       0.00000% 09/16/2025","0.000","09/16/2025","--","--","98.810","98.816","4.310","4.291","4.291","5,000(200)","5,000(200)",CP D 
="912797PX9","N/A","UNITED STATES TREAS BILLS ZERO CPN       0.00000% 09/18/2025","0.000","09/18/2025","--","--","98.788","98.794","4.305","4.287","4.287","100,000(400)","20,000(200)",CP D 
="912797QV2","N/A","UNITED STATES TREAS BILLS ZERO CPN       0.00000% 09/23/2025","0.000","09/23/2025","--","--","98.728","98.734","4.314","4.297","4.297","5,000(200)","5,000(200)",CP D 
="912797PY7","N/A","UNITED STATES TREAS BILLS ZERO CPN       0.00000% 09/25/2025","0.000","09/25/2025","--","--","98.708","98.717","4.304","4.277","4.277","20,000(200)","20,000(200)",CP D 
="912797QW0","N/A","UNITED STATES TREAS BILLS ZERO CPN       0.00000% 09/30/2025","0.000","09/30/2025","--","--","98.643","98.649","4.329","4.312","4.312","5,000(200)","5,000(200)",CP D 
="91282CAM3","N/A","UNITED STATES TREAS SER AD-2025         0.25000% 09/30/2025 NTS NOTE","0.250","09/30/2025","AA1","--","98.730","98.758","4.308","4.219","4.219","30,000(600)"," 29,000(600)",CP D 
="91282CJB8","N/A","UNITED STATES TREAS SER BH-2025         5.00000% 09/30/2025 NTS NOTE","5.000","09/30/2025","AA1","--","100.171","100.231","4.410","4.225","4.225","30,000(600)","5,000(50)",CP D 
="9128285C0","N/A","UNITED STATES TREAS SER Q-2025          3.00000% 09/30/2025 NTS NOTE","3.000","09/30/2025","AA1","--","99.578","99.618","4.326","4.200","4.200","30,000(600)","30,000(600)",CP D 
="912797MS3","N/A","UNITED STATES TREAS BILLS ZERO CPN       0.00000% 10/02/2025","0.000","10/02/2025","--","--","98.627","98.636","4.306","4.280","4.280","20,000(200)","20,000(200)",CP D 
="912797QE0","N/A","UNITED STATES TREAS BILLS ZERO CPN       0.00000% 10/09/2025","0.000","10/09/2025","--","--","98.556","98.562","4.278","4.263","4.263","5,000(200)","5,000(200)",CP D 
="91282CFP1","N/A","UNITED STATES TREAS SER AT-2025         4.25000% 10/15/2025 NTS NOTE","4.250","10/15/2025","AA1","--","99.970","100.028","4.309","4.147","4.147","5,000(50)","30,000(600)",CP D 
="912797QF7","N/A","UNITED STATES TREAS BILLS ZERO CPN       0.00000% 10/16/2025","0.000","10/16/2025","--","--","98.475","98.481","4.282","4.267","4.267","5,000(200)","5,000(200)",CP D 
="912797QG5","N/A","UNITED STATES TREAS BILLS ZERO CPN       0.00000% 10/23/2025","0.000","10/23/2025","--","--","98.401","98.407","4.267","4.253","4.253","5,000(200)","5,000(200)",CP D 
="912797NA1","N/A","UNITED STATES TREAS BILLS ZERO CPN       0.00000% 10/30/2025","0.000","10/30/2025","--","--","98.316","98.337","4.280","4.230","4.230","100,000(400)","100,000(400)",CP D 
="91282CAT8","N/A","UNITED STATES TREAS 0.25000% 10/31/2025 NOTE","0.250","10/31/2025","AA1","--","98.390","98.458","4.348","4.176","4.176","30,000(600)","5,000(20)",CP D 
="91282CJE2","N/A","UNITED STATES TREAS SER BJ-2025         5.00000% 10/31/2025 NTS NOTE","5.000","10/31/2025","AA1","--","100.265","100.311","4.302","4.189","4.189","30,000(600)","5,000(20)",CP D 
="9128285J5","N/A","UNITED STATES TREAS SER R-2025          3.00000% 10/31/2025 NTS NOTE","3.000","10/31/2025","AA1","--","99.472","99.520","4.330","4.210","4.210","30,000(600)","30,000(600)",CP D 
="912797QP5","N/A","UNITED STATES TREAS BILLS ZERO CPN       0.00000% 11/06/2025","0.000","11/06/2025","--","--","98.253","98.259","4.242","4.229","4.229","5,000(200)","5,000(200)",CP D 
="912797QQ3","N/A","UNITED STATES TREAS BILLS ZERO CPN       0.00000% 11/13/2025","0.000","11/13/2025","--","--","98.166","98.172","4.262","4.250","4.250","5,000(200)","5,000(200)",CP D 
="912820Y43","N/A","U S TREAS NT        STRIPPED PRIN PMT    0.00000% 11/15/2025ZERO CPN","0.000","11/15/2025","--","--","97.988","98.364","4.664","3.780","3.780","6,000(250)","8,000(250)",CP 
="912833LX6","N/A","U S TREAS SEC       STRIPPED INT PMT     0.00000% 11/15/2025ZERO CPN","0.000","11/15/2025","--","--","98.152","98.306","4.277","3.916","3.916","12,000(100)","12,000(100)",CP 
="91282CFW6","N/A","UNITED STATES TREAS SER AU-2025         4.50000% 11/15/2025 NTS NOTE","4.500","11/15/2025","--","--","100.070","100.115","4.326","4.224","4.224","30,000(600)","5,000(50)",CP D 
="912828M56","N/A","UNITED STATES TREAS SER F-2025          2.25000% 11/15/2025 NTS NOTE","2.250","11/15/2025","AA1","--","99.101","99.141","4.324","4.232","4.232","30,000(600)","30,000(600)",CP D 
="912797QR1","N/A","UNITED STATES TREAS BILLS ZERO CPN       0.00000% 11/20/2025","0.000","11/20/2025","--","--","98.085","98.091","4.267","4.255","4.255","5,000(200)","5,000(200)",CP D 
="912797NL7","N/A","UNITED STATES TREAS BILLS ZERO CPN       0.00000% 11/28/2025","0.000","11/28/2025","--","--","97.989","98.007","4.278","4.243","4.243","100,000(400)","15,000(1,000)",CP D 
="91282CAZ4","N/A","UNITED STATES TREAS SER AG-2025         0.37500% 11/30/2025 NTS NOTE","0.375","11/30/2025","AA1","--","98.144","98.184","4.291","4.207","4.207","30,000( 600)","30,000(600)",CP D 
="91282CJL6","N/A","UNITED STATES TREAS SER BL-2025         4.87500% 11/30/2025 NTS NOTE","4.875","11/30/2025","AA1","--","100.252","100.319","4.340","4.200","4.200","5,000(50)","5,000(50)",CP D 
="9128285N6","N/A","UNITED STATES TREAS SER S-2025          2.87500% 11/30/2025 NTS NOTE","2.875","11/30/2025","AA1","--","99.332","99.372","4.283","4.199","4.199","30,000(600)","30,000(600)",CP D 
="912797QS9","N/A","UNITED STATES TREAS BILLS ZERO CPN       0.00000% 12/04/2025","0.000","12/04/2025","--","--","97.924","97.936","4.274","4.250","4.250","25,001(400)","15,000(1,000)",CP D 
="91282CGA3","N/A","UNITED STATES TREAS SER AV-2025         4.00000% 12/15/2025 NTS NOTE","4.000","12/15/2025","AA1","--","99.917","99.977","4.158","4.043","4.043","30,000(400)","5,000(50)",CP D 
="912797NU7","N/A","UNITED STATES TREAS BILLS ZERO CPN       0.00000% 12/26/2025","0.000","12/26/2025","--","--","97.704","97.736","4.216","4.158","4.158","20,000(200)","20,000(200)",CP D 
="91282CBC4","N/A","UNITED STATES TREAS SER AH-2025         0.37500% 12/31/2025 NTS NOTE","0.375","12/31/2025","AA1","--","97.839","97.887","4.276","4.189","4.189","30,000(400)","30,000(400)",CP D 
="91282CJS1","N/A","UNITED STATES TREAS SER BM-2025         4.25000% 12/31/2025 NTS NOTE","4.250","12/31/2025","AA1","--","99.976","100.037","4.288","4.180","4.180","30,000(400)","5,000(50)",CP D 
="9128285T3","N/A","UNITED STATES TREAS SER T-2025          2.62500% 12/31/2025 NTS NOTE","2.625","12/31/2025","AA1","--","99.088","99.155","4.269","4.149","4.149","5,000(50)","5,000(50)",CP D 
="91282CGE5","N/A","UNITED STATES TREAS SER AJ-2026         3.87500% 01/15/2026 NTS NOTE","3.875","01/15/2026","AA1","--","99.824","99.883","4.165","4.067","4.067","30,000(400)","5,000(50)",CP D 
="912797PD3","N/A","UNITED STATES TREAS BILLS ZERO CPN       0.00000% 01/22/2026","0.000","01/22/2026","--","--","97.457","97.490","4.123","4.070","4.070","100,000(400)","15,000(1,000)",CP D 
="91282CBH3","N/A","UNITED STATES TREAS SER U-2026          0.37500% 01/31/2026 NTS NOTE","0.375","01/31/2026","AA1","--","97.511","97.571","4.285","4.191","4.191","30,000(400)","5,000(50)",CP D 
="91282CJV4","N/A","UNITED STATES TREAS SER AW-2026         4.25000% 01/31/2026 NTS NOTE","4.250","01/31/2026","AA1","--","99.980","100.041","4.273","4.179","4.179","30,000(400)","5,000(50)",CP D 
="9128286A3","N/A","UNITED STATES TREAS SER G-2026          2.62500% 01/31/2026 NTS NOTE","2.625","01/31/2026","AA1","--","98.949","98.997","4.272","4.197","4.197","30,000(400)","30,000(400)",CP D 
="9128202A4","N/A","U S TREAS NT        STRIPPED PRIN PMT    0.00000% 02/15/2026ZERO CPN","0.000","02/15/2026","--","--","97.070","97.470","4.335","3.731","3.731","4,000(1,000)","9,000(1,000)",CP 
="912833LY4","N/A","U S TREAS SEC       STRIPPED INT PMT     0.00000% 02/15/2026ZERO CPN","0.000","02/15/2026","--","--","97.309","97.513","3.973","3.666","3.666","12,000(100)","12,000(100)",CP 
="912803BG7","N/A","UNITED STATES TREAS BD STRIPP ZERO CPN   0.00000% 02/15/2026","0.000","02/15/2026","--","--","97.289","97.431","4.003","3.790","3.790","13,000(100)","8,000(100)",CP 
="912810EW4","N/A","UNITED STATES TREAS BDS                 6.00000% 02/15/2026","6.000","02/15/2026","AA1","--","101.351","101.550","3.995","3.705","3.705","5,000(50)","10,000(5)",CP D 
="91282CGL9","N/A","UNITED STATES TREAS SER AK-2026         4.00000% 02/15/2026 NTS NOTE","4.000","02/15/2026","AA1","--","99.824","99.903","4.253","4.137","4.137","30,000(400)","5,000(50)",CP D 
="912828P46","N/A","UNITED STATES TREAS SER B-2026          1.62500% 02/15/2026 NTS NOTE","1.625","02/15/2026","AA1","--","98.222","98.287","4.250","4.155","4.155","30,000(400)","5,000(50)",CP D 
="912797PM3","N/A","UNITED STATES TREAS BILLS ZERO CPN       0.00000% 02/19/2026","0.000","02/19/2026","--","--","97.127","97.136","4.159","4.147","4.147","20,000(200)","20,000(200)",CP D 
="91282CBQ3","N/A","UNITED STATES TREAS SER V-2026          0.50000% 02/28/2026 NTS NOTE","0.500","02/28/2026","AA1","--","97.339","97.381","4.219","4.161","4.161","30,000(400)","5,000(50)",CP D 
="91282CKB6","N/A","UNITED STATES TREAS SER AY-2026         4.62500% 02/28/2026 NTS NOTE","4.625","02/28/2026","AA1","--","100.281","100.309","4.223","4.185","4.185","42,000(475)","30,000(400)",CP D 
="9128286F2","N/A","UNITED STATES TREAS SER H-2026          2.50000% 02/28/2026 NTS NOTE","2.500","02/28/2026","AA1","--","98.753","98.811","4.238","4.159","4.159","30,000(400)","5,000(50)",CP D 
="91282CGR6","N/A","UNITED STATES TREAS SER AL-2026         4.62500% 03/15/2026 NTS NOTE","4.625","03/15/2026","AA1","--","100.296","100.352","4.223","4.151","4.151","30,000(400)","30,000(400)",CP D 
="912797PV3","N/A","UNITED STATES TREAS BILLS ZERO CPN       0.00000% 03/19/2026","0.000","03/19/2026","--","--","96.841","96.850","4.132","4.121","4.121","20,000(200)","20,000(200)",CP D 
="91282CBT7","N/A","UNITED STATES TREAS SER W-2026          0.75000% 03/31/2026 NTS NOTE","0.750","03/31/2026","AA1","--","97.238","97.294","4.224","4.153","4.153","30,000(400)","30,000(400)",CP D 
="91282CKH3","N/A","UNITED STATES TREAS SER AZ-2026         4.50000% 03/31/2026 NTS NOTE","4.500","03/31/2026","AA1","--","100.234","100.289","4.198","4.131","4.131","30,000(400)","5,000(50)",CP D 
="9128286L9","N/A","UNITED STATES TREAS SER J-2026          2.25000% 03/31/2026 NTS NOTE","2.250","03/31/2026","AA1","--","98.457","98.506","4.188","4.126","4.126","30,000(400)","5,000(50)",CP D 
="91282CGV7","N/A","UNITED STATES TREAS SER AM-2026         3.75000% 04/15/2026 NTS NOTE","3.750","04/15/2026","AA1","--","99.621","99.676","4.200","4.133","4.133","30,000(400)","30,000(400)",CP D 
="912797QD2","N/A","UNITED STATES TREAS BILLS ZERO CPN       0.00000% 04/16/2026","0.000","04/16/2026","--","--","96.574","96.580","4.089","4.082","4.082","5,000(200)","5,000(200)",CP D 
="91282CBW0","N/A","UNITED STATES TREAS SER Y-2026          0.75000% 04/30/2026 NTS NOTE","0.750","04/30/2026","AA1","--","96.964","97.040","4.224","4.136","4.136","30,000(400)","30,000(400)",CP D 
="91282CKK6","N/A","UNITED STATES TREAS SER BA-2026         4.87500% 04/30/2026 NTS NOTE","4.875","04/30/2026","AA1","--","100.582","100.657","4.204","4.119","4.119","27,000(525)","30,000(400)",CP D 
="9128286S4","N/A","UNITED STATES TREAS SER K-2026          2.37500% 04/30/2026 NTS NOTE","2.375","04/30/2026","AA1","--","98.414","98.473","4.188","4.119","4.119","30,000(400)","30,000(400)",CP D 
="912797QN0","N/A","UNITED STATES TREAS BILLS ZERO CPN       0.00000% 05/14/2026","0.000","05/14/2026","--","--","96.293","96.298","4.070","4.065","4.065","5,000(200)","5,000(200)",CP D 
="9128202R7","N/A","U S TREAS NT        STRIPPED PRIN PMT    0.00000% 05/15/2026ZERO CPN","0.000","05/15/2026","--","--","96.133","96.411","4.239","3.926","3.926","4,000(100)","6,000(100)",CP 
="912833LZ1","N/A","U S TREAS SEC       STRIPPED INT PMT     0.00000% 05/15/2026ZERO CPN","0.000","05/15/2026","--","--","96.301","96.521","4.049","3.802","3.802","8,000(100)","13,000(100)",CP 
="91282CHB0","N/A","UNITED STATES TREAS SER AN-2026         3.62500% 05/15/2026 NTS NOTE","3.625","05/15/2026","AA1","--","99.507","99.551","4.162","4.115","4.115","30,000(400)","5,000(50)",CP D 
="912828R36","N/A","UNITED STATES TREAS SER C-2026          1.62500% 05/15/2026 NTS NOTE","1.625","05/15/2026","AA1","--","97.687","97.725","4.157","4.116","4.116","30,000(400)","5,000(50)",CP D 
="91282CCF6","N/A","UNITED STATES TREAS SER Z-2026          0.75000% 05/31/2026 NTS NOTE","0.750","05/31/2026","AA1","--","96.726","96.774","4.181","4.131","4.131","30,000(400)","30,000(400)",CP D 
="91282CKS9","N/A","UNITED STATES TREAS SER BC-2026         4.87500% 05/31/2026 NTS NOTE","4.875","05/31/2026","AA1","--","100.667","100.723","4.174","4.116","4.116","50,000( 475)","55,000(475)",CP D 
="9128286X3","N/A","UNITED STATES TREAS SER L-2026          2.12500% 05/31/2026 NTS NOTE","2.125","05/31/2026","AA1","--","98.035","98.094","4.184","4.122","4.122","30,000(400)","30,000(400)",CP D 
="91282CHH7","N/A","UNITED STATES TREAS SER AP-2026         4.12500% 06/15/2026 NTS NOTE","4.125","06/15/2026","AA1","--","99.988","100.028","4.136","4.096","4.096","30,000(400)","30,000(400)",CP D 
="91282CCJ8","N/A","UNITED STATES TREAS SER AA-2026         0.87500% 06/30/2026 NTS NOTE","0.875","06/30/2026","AA1","--","96.621","96.682","4.147","4.086","4.086","30,000(400)","5,000(50)",CP D 
="91282CKY6","N/A","UNITED STATES TREAS SER BD-2026         4.62500% 06/30/2026 NTS NOTE","4.625","06/30/2026","--","--","100.492","100.551","4.146","4.089","4.089","30,000(400)","5,000( 50)",CP D 
="9128287B0","N/A","UNITED STATES TREAS SER M-2026          1.87500% 06/30/2026 NTS NOTE","1.875","06/30/2026","AA1","--","97.656","97.713","4.144","4.088","4.088","30,000(400)","5,000(50)",CP D 
="91282CHM6","N/A","UNITED STATES TREAS SER AQ-2026         4.50000% 07/15/2026 NTS NOTE","4.500","07/15/2026","AA1","--","100.390","100.438","4.132","4.088","4.088","30,000(400)","30,000(400)",CP D 
="91282CCP4","N/A","UNITED STATES TREAS SER AB-2026         0.62500% 07/31/2026 NTS NOTE","0.625","07/31/2026","AA1","--","96.089","96.157","4.135","4.073","4.073","30,000(400)","30,000(400)",CP D 
="91282CLB5","N/A","UNITED STATES TREAS SER BE-2026         4.37500% 07/31/2026 NTS NOTE","4.375","07/31/2026","AA1","--","100.286","100.328","4.114","4.077","4.077","5,000(50)","5,000(50)",CP D 
="912828Y95","N/A","UNITED STATES TREAS SER N-2026          1.87500% 07/31/2026 NTS NOTE","1.875","07/31/2026","AA1","--","97.515","97.540","4.103","4.081","4.081","30,000(400)","30,000(400)",CP D 
="9128205K9","N/A","U S TREAS NT        STRIPPED PRIN PMT    0.00000% 08/15/2026ZERO CPN","0.000","08/15/2026","--","--","95.176","95.790","4.186","3.637","3.637","6,000(250)","4,000( 250)",CP 
="912833PA2","N/A","U S TREAS SEC       STRIPPED INT PMT     0.00000% 08/15/2026ZERO CPN","0.000","08/15/2026","--","--","95.301","95.472","4.074","3.920","3.920","14,000(100)","10,000(5)",CP D 
="912803BH5","N/A","UNITED STATES TREAS BD STRIPP ZERO CPN   0.00000% 08/15/2026","0.000","08/15/2026","--","--","95.391","95.571","3.993","3.833","3.833","8,000(100)","14,000(100)",CP 
="912810EX2","N/A","UNITED STATES TREAS BDS                 6.75000% 08/15/2026","6.750","08/15/2026","AA1","--","103.038","103.370","4.108","3.828","3.828","5,000(50)","5,000(50)",CP D 
="91282CHU8","N/A","UNITED STATES TREAS SER AR-2026         4.37500% 08/15/2026 NTS NOTE","4.375","08/15/2026","AA1","--","100.320","100.329","4.093","4.085","4.085","15,000(450)","30,000(400)",CP D 
="9128282A7","N/A","UNITED STATES TREAS SER E-2026          1.50000% 08/15/2026 NTS NOTE","1.500","08/15/2026","AA1","--","96.996","97.044","4.103","4.061","4.061","30,000(400)","30,000(400)",CP D 
="91282CCW9","N/A","UNITED STATES TREAS SER AC-2026         0.75000% 08/31/2026 NTS NOTE","0.750","08/31/2026","AA1","--","96.015","96.069","4.094","4.048","4.048","30,000(400)","5,000(50)",CP D 
="91282CLH2","N/A","UNITED STATES TREAS SER BG-2026         3.75000% 08/31/2026 NTS NOTE","3.750","08/31/2026","AA1","--","99.567","99.602","4.110","4.080","4.080","5,000(50)","30,000(400)",CP D 
="912828YD6","N/A","UNITED STATES TREAS SER P-2026          1.37500% 08/31/2026 NTS NOTE","1.375","08/31/2026","--","--","96.773","96.819","4.082","4.043","4.043","30,000(400)","5,000(50)",CP D 
="91282CHY0","N/A","UNITED STATES TREAS SER AS-2026         4.62500% 09/15/2026 NTS NOTE","4.625","09/15/2026","AA1","--","100.679","100.723","4.068","4.032","4.032","30,000(400)","30,000(400)",CP D 
="91282CCZ2","N/A","UNITED STATES TREAS SER AD-2026         0.87500% 09/30/2026 NTS NOTE","0.875","09/30/2026","AA1","--","95.953","95.985","4.061","4.035","4.035","30,000(400)","30,000(400)",CP D 
="91282CLP4","N/A","UNITED STATES TREAS SER BH-2026         3.50000% 09/30/2026 NTS NOTE","3.500","09/30/2026","AA1","--","99.277","99.297","4.066","4.050","4.050","30,000(400)","30,000(400)",CP D 
="912828YG9","N/A","UNITED STATES TREAS SER Q-2026          1.62500% 09/30/2026 NTS NOTE","1.625","09/30/2026","AA1","--","96.902","96.957","4.063","4.019","4.019","30,000(400)","5,000(50)",CP D 
="91282CJC6","N/A","UNITED STATES TREAS SER AT-2026         4.62500% 10/15/2026 NTS NOTE","4.625","10/15/2026","AA1","--","100.734","100.785","4.060","4.022","4.022","70,000(400)","5,000(50)",CP D 
="91282CDG3","N/A","UNITED STATES TREAS SER AF-2026         1.12500% 10/31/2026 NTS NOTE","1.125","10/31/2026","--","--","96.031","96.094","4.071","4.022","4.022","70,000(400)","5,000(50)",CP D 
="91282CLS8","N/A","UNITED STATES TREAS SER BJ-2026         4.12500% 10/31/2026 NTS NOTE","4.125","10/31/2026","AA1","--","100.089","100.129","4.056","4.027","4.027","70,000(400)","5,000(50)",CP D 
="912828YQ7","N/A","UNITED STATES TREAS SER R-2026          1.62500% 10/31/2026 NTS NOTE","1.625","10/31/2026","AA1","--","96.730","96.791","4.051","4.005","4.005","70,000(400)","5,000(50)",CP D 
="9128205Y9","N/A","U S TREAS NT        STRIPPED PRIN PMT    0.00000% 11/15/2026ZERO CPN","0.000","11/15/2026","--","--","94.098","94.747","4.269","3.782","3.782","5,000(250)","5,000(250)",CP 
="912833PB0","N/A","U S TREAS SEC       STRIPPED INT PMT     0.00000% 11/15/2026ZERO CPN","0.000","11/15/2026","--","--","94.352","94.700","4.078","3.817","3.817","14,000(100)","10,000(100)",CP 
="912803BJ1","N/A","UNITED STATES TREAS BD STRIPP ZERO CPN   0.00000% 11/15/2026","0.000","11/15/2026","--","--","94.813","95.103","3.733","3.517","3.517","13,000(100)","13,000(100)",CP 
="912810EY0","N/A","UNITED STATES TREAS BDS                 6.50000% 11/15/2026","6.500","11/15/2026","AA1","--","103.897","104.109","3.694","3.546","3.546","5,000(20)","5,000(50)",CP D 
="91282CJK8","N/A","UNITED STATES TREAS SER AU-2026         4.62500% 11/15/2026 NTS NOTE","4.625","11/15/2026","AA1","--","100.792","100.844","4.051","4.014","4.014","70,000(400)","18,000(450)",CP D 
="912828U24","N/A","UNITED STATES TREAS SER F-2026          2.00000% 11/15/2026 NTS NOTE","2.000","11/15/2026","AA1","--","97.152","97.215","4.055","4.009","4.009","70,000(400)","5,000(50)",CP D 
="91282CDK4","N/A","UNITED STATES TREAS SER AG-2026         1.25000% 11/30/2026 NTS NOTE","1.250","11/30/2026","AA1","--","96.019","96.080","4.041","3.998","3.998","70,000(400)","5,000(50)",CP D 
="91282CLY5","N/A","UNITED STATES TREAS SER BL-2026         4.25000% 11/30/2026 NTS NOTE","4.250","11/30/2026","AA1","--","100.312","100.352","4.030","4.003","4.003","70,000(400)","5,000(50)",CP D 
="912828YU8","N/A","UNITED STATES TREAS SER S-2026          1.62500% 11/30/2026 NTS NOTE","1.625","11/30/2026","AA1","--","96.558","96.614","4.038","3.998","3.998","70,000(400)","20,000(250)",CP D 
="91282CJP7","N/A","UNITED STATES TREAS SER AV-2026         4.37500% 12/15/2026 NTS NOTE","4.375","12/15/2026","AA1","--","100.515","100.555","4.022","3.995","3.995","70,000(400)","70,000(400)",CP D 
="91282CDQ1","N/A","UNITED STATES TREAS SER AH-2026         1.25000% 12/31/2026 NTS NOTE","1.250","12/31/2026","AA1","--","95.839","95.887","4.017","3.984","3.984","70,000(400)","5,000(50)",CP D 
="91282CME8","N/A","UNITED STATES TREAS SER BM-2026         4.25000% 12/31/2026 NTS NOTE","4.250","12/31/2026","AA1","--","100.347","100.376","4.017","3.999","3.999","70,000(400)","70,000(400)",CP D 
="912828YX2","N/A","UNITED STATES TREAS SER T-2026          1.75000% 12/31/2026 NTS NOTE","1.750","12/31/2026","AA1","--","96.578","96.641","4.026","3.983","3.983","70,000(400)","5,000(50)",CP D 
="91282CJT9","N/A","UNITED STATES TREAS SER AJ-2027         4.00000% 01/15/2027 NTS NOTE","4.000","01/15/2027","AA1","--","99.976","100.028","4.013","3.980","3.980","70,000(400)","21,000(550)",CP D 
="91282CMH1","N/A","UNITED STATES TREAS SER AW-2027         4.12500% 01/31/2027 NTS NOTE","4.125","01/31/2027","AA1","--","100.207","100.219","3.992","3.984","3.984","47,000(550)","50,000(550)",CP D 
="912828Z78","N/A","UNITED STATES TREAS SER G-2027          1.50000% 01/31/2027 NTS NOTE","1.500","01/31/2027","AA1","--","96.035","96.067","4.003","3.983","3.983","18,000(250)","19,000(250)",CP D 
="9128206P7","N/A","U S TREAS NT        STRIPPED PRIN PMT    0.00000% 02/15/2027ZERO CPN","0.000","02/15/2027","--","--","93.371","93.974","4.092","3.704","3.704","6,000(250)","7,000(250)",CP 
="912833PC8","N/A","U S TREAS SEC       STRIPPED INT PMT     0.00000% 02/15/2027ZERO CPN","0.000","02/15/2027","--","--","93.523","93.782","3.994","3.827","3.827","13,000(100)","8,000(100)",CP D 
="912803BK8","N/A","UNITED STATES TREAS BD STRIPP ZERO CPN   0.00000% 02/15/2027","0.000","02/15/2027","--","--","93.891","94.106","3.757","3.620","3.620","13,000(100)","12,000(100)",CP 
="912810EZ7","N/A","UNITED STATES TREAS BDS                 6.62500% 02/15/2027","6.625","02/15/2027","AA1","--","104.678","104.960","3.744","3.576","3.576","5,000(20)","5,000(50)",CP D 
="91282CKA8","N/A","UNITED STATES TREAS SER AK-2027         4.12500% 02/15/2027 NTS NOTE","4.125","02/15/2027","AA1","--","100.199","100.258","3.999","3.963","3.963","70,000(400)","70,000(400)",CP D 
="912828V98","N/A","UNITED STATES TREAS SER B-2027          2.25000% 02/15/2027 NTS NOTE","2.250","02/15/2027","AA1","--","97.171","97.223","3.992","3.960","3.960","70,000(400)","70,000(400)",CP D 
="91282CEC1","N/A","UNITED STATES TREAS SER V-2027          1.87500% 02/28/2027 NTS NOTE","1.875","02/28/2027","AA1","--","96.500","96.544","3.983","3.956","3.956","70,000(400)","70,000(400)",CP D 
="91282CMP3","N/A","UNITED STATES TREAS SER AY-2027         4.12500% 02/28/2027 NTS NOTE","4.125","02/28/2027","AA1","--","100.246","100.278","3.974","3.954","3.954","150,000(400)","150,000(400)",CP D 
="912828ZB9","N/A","UNITED STATES TREAS NOTE                1.12500% 02/28/2027","1.125","02/28/2027","AA1","--","95.250","95.313","3.987","3.948","3.948","70,000(400)","5,000(50)",CP D 
="91282CKE0","N/A","UNITED STATES TREAS SER AL-2027         4.25000% 03/15/2027 NTS NOTE","4.250","03/15/2027","AA1","--","100.476","100.512","3.966","3.945","3.945","70,000( 400)","70,000(400)",CP D 
="91282CEF4","N/A","UNITED STATES TREAS SER W-2027          2.50000% 03/31/2027 NTS NOTE","2.500","03/31/2027","AA1","--","97.460","97.493","3.960","3.942","3.942","70,000(400)","70,000(400)",CP D 
="91282CMV0","N/A","UNITED STATES TREAS SER AZ-2027         3.87500% 03/31/2027 NTS NOTE","3.875","03/31/2027","AA1","--","99.847","99.876","3.960","3.944","3.944","150,000(400)","150,000(400)",CP D 
="912828ZE3","N/A","UNITED STATES TREAS NOTE                0.62500% 03/31/2027","0.625","03/31/2027","AA1","--","94.207","94.272","3.960","3.922","3.922","70,000(400)","5,000(50)",CP D 
="91282CKJ9","N/A","UNITED STATES TREAS SER AM-2027         4.50000% 04/15/2027 NTS NOTE","4.500","04/15/2027","AA1","--","100.949","101.005","3.962","3.931","3.931","70,000(400)","70,000(400)",CP D 
="91282CEN7","N/A","UNITED STATES TREAS SER Y-2027          2.75000% 04/30/2027 NTS NOTE","2.750","04/30/2027","AA1","--","97.820","97.860","3.951","3.929","3.929","70,000(400)","70,000(400)",CP D 
="91282CMY4","N/A","UNITED STATES TREAS SER BA-2027         3.75000% 04/30/2027 NTS NOTE","3.750","04/30/2027","AA1","--","99.644","99.665","3.944","3.933","3.933","150,000(400)","87,000(500)",CP D 
="912828ZN3","N/A","UNITED STATES TREAS NOTE                0.50000% 04/30/2027","0.500","04/30/2027","AA1","--","93.742","93.805","3.952","3.916","3.916","27,000(275)","5,000(50)",CP D 
="9128207D3","N/A","U S TREAS NT        STRIPPED PRIN PMT    0.00000% 05/15/2027ZERO CPN","0.000","05/15/2027","--","--","92.531","92.978","4.041","3.788","3.788","4,000(250)","8,000(250)",CP 
="912833PD6","N/A","U S TREAS SEC       STRIPPED INT PMT     0.00000% 05/15/2027ZERO CPN","0.000","05/15/2027","--","--","92.586","92.821"," 4.010","3.877","3.877","13,000(25)","11,000(25)",CP D 
="91282CKR1","N/A","UNITED STATES TREAS SER AN-2027         4.50000% 05/15/2027 NTS NOTE","4.500","05/15/2027","AA1","--","101.011","101.040","3.952","3.937","3.937","70,000(400)","70,000(400)",CP D 
="912828X88","N/A","UNITED STATES TREAS SER C-2027          2.37500% 05/15/2027 NTS NOTE","2.375","05/15/2027","AA1","--","97.085","97.141","3.949","3.919","3.919","70,000(400)","70,000(400)",CP D 
="91282CET4","N/A","UNITED STATES TREAS SER Z-2027          2.62500% 05/31/2027 NTS NOTE","2.625","05/31/2027","AA1","--","97.507","97.555","3.943","3.918","3.918","70,000(400)","23,000(225)",CP D 
="91282CNE7","N/A","UNITED STATES TREAS SER BC-2027         3.87500% 05/31/2027 NTS NOTE","3.875","05/31/2027","AA1","--","99.906","99.922","3.924","3.916","3.916","93,000(450)","150,000(400)",CP D 
="912828ZS2","N/A","UNITED STATES TREAS SER L-2027          0.50000% 05/31/2027 NTS NOTE","0.500","05/31/2027","AA1","--","93.488","93.536","3.945","3.919","3.919","70,000(400)","16,000(275)",CP D 
="91282CKV2","N/A","UNITED STATES TREAS SER AP-2027         4.62500% 06/15/2027 NTS NOTE","4.625","06/15/2027","AA1","--","101.339","101.380","3.930","3.909","3.909","15,000(550)","19,000(550)",CP D 
="91282CEW7","N/A","UNITED STATES TREAS SER AA-2027         3.25000% 06/30/2027 NTS NOTE","3.250","06/30/2027","AA1","--","98.683","98.743","3.919","3.888","3.888","65,000(400)","65,000(400)",CP D 
="912828ZV5","N/A","UNITED STATES TREAS SER M-2027          0.50000% 06/30/2027 NTS NOTE","0.500","06/30/2027","AA1","NR","93.234","93.301","3.941","3.906","3.906","65,000(400)","5,000(50)",CP D 

"The data and information in this spreadsheet is provided to you solely for your use and is not for distribution. The"
"spreadsheet is provided for informational purposes only, and is not intended to provide advice, nor should it be"
"construed as an offer to sell, a solicitation of an offer to buy or a recommendation for any security by Fidelity or any"
"third party. Data and information shown is based on information known to Fidelity as of the date it was exported and "
"is subject to change. It should not be used in place of your account statements or trade confirmations and is not "
"intended for tax reporting purposes. For more information on the data included in this spreadsheet, including any "
"limitations thereof, go to Fidelity.com. "

"Brokerage services are provided by Fidelity Brokerage Services LLC, 900 Salem Street, Smithfield, RI 02917. "
"Custody and other services provided by National Financial Services LLC. Both are Fidelity Investment companies "
"and members SIPC, NYSE. "

"Date downloaded 06/05/2025 9:57 PM",
